ID	이전	이후
00261	{0C}{06}TRANS-CARGO{04}＿빈＿자리＿없음\n신속히＿방주에\n동물을＿등록해＿주세요{12}	{0C}{06}TRANS-CARGO{04}＿빈＿자리＿없음\n어서＿방주에\n동물을＿등록하세요{12}
00262	{0C}{06}TRANS-CARGO{04}＿빈＿자리＿{06}{1E}{04}칸＿남음\n신속히＿방주에\n동물을＿등록해＿주세요{12}	{0C}{06}TRANS-CARGO{04}＿빈＿자리＿{06}{1E}{04}칸＿남음\n어서＿방주에\n동물을＿등록하세요{12}
00264	{0C}{1C}C은(는)\n정신을＿차렸다∥{12}	{0C}{1C}C은(는)\n깨어났다∥{12}
00267	{0C}{1D}을(를)\n포기하시겠습니까？\n{01}예{0E}／{01}아니오{0E}	{0C}{1D}을(를)\n포기할까요？\n{01}예{0E}／{01}아니오{0E}
00269	{0C}{1C}C은(는)＿혼란에＿빠져＿있다{12}	{0C}{1C}C은(는)＿혼란＿상태다{12}
00274	{0C}{1C}C은(는)＿아직＿수인화\n능력을＿익히지＿못했다Ψ	{0C}{1C}C은(는)＿아직＿수인화\n능력이＿없다Ψ
00276	{0C}{10}0맨손이\n되시겠습니까？\n{01}예{0E}／{01}아니오{0E}	{0C}{10}0맨손이\n될까요？\n{01}예{0E}／{01}아니오{0E}
00277	{0A}{0C}{10}0{1C}A은(는)＿{1D}을(를)\n벗고＿맨손이＿되었다{12}	{0A}{0C}{10}0{1C}A은(는)＿{1D}을(를)\n벗고＿맨손이＿됐다{12}
00282	{0A}{0C}{10}0{1C}A은(는)＿{1D}을(를)\n{1D}(으)로＿교환했다{12}	{0A}{0C}{10}0{1C}A은(는)＿{1D}을(를)\n{1D}(으)로＿바꿨다{12}
00287	{0C}린다를＿남겨＿두고\n도망칠＿수는＿없다∥Ψ	{0C}린다를＿두고\n도망칠＿수는＿없다∥Ψ
00288	{0C}{1C}C은(는)＿아직＿전투＿중\n특수능력을＿익히지＿못했다Ψ	{0C}{1C}C은(는)＿아직＿전투용\n특수능력이＿없다Ψ
00292	{0C}{0A}{1C}A은(는)＿사냥개에게＿명령했다∥\n「{1D}」{12}	{0C}{0A}{1C}A의＿명령∥\n「{1D}」{12}
00296	필사적으로＿덤벼라∥	목숨＿걸고＿덤벼라∥
00300	{0C}지정한＿적＿1체를＿사냥개가＿집중＿공격	{0C}지정한＿적을＿사냥개가＿집중공격
00302	{0C}사냥개의＿공격이＿전후좌우의＿적에게\n분산된다	{0C}사냥개가＿전후좌우\n적을＿분산＿공격
00303	{0C}사냥개가＿방어를＿버리고＿공격에＿전력을\n쏟는다	{0C}사냥개가＿방어를＿버리고\n전력으로＿공격한다
00304	{0C}사냥개가＿약해진＿아군을＿감싼다	{0C}사냥개가＿약한＿아군을＿감싼다
00305	{0C}사냥개는＿새로운＿명령＿외에는＿도망치지\n않게＿된다	{0C}사냥개는＿명령이＿없으면\n도망치지＿않는다
00306	{0C}앞서＿내린＿명령을＿취소한다	{0C}이전＿명령을＿취소한다
00307	{0C}전투＿중에＿예비＿사냥개와＿교체한다	{0C}예비＿사냥개와＿교체한다
00322	{0C}{1C}C은(는)\n개미산에＿침식당하고＿있다∥{12}	{0C}{1C}C은(는)\n개미산에＿녹고＿있다∥{12}
00323	{0C}{1C}C은(는)\n맹독에＿침범당해＿경련하고＿있다∥\n{06}{1E}{04}의＿대미지∥	{0C}{1C}C은(는)\n맹독으로＿경련하고＿있다∥\n{06}{1E}{04}＿대미지∥
00324	{0C}{1C}C은(는)\n산소＿부족으로＿헐떡이고＿있다∥{12}	{0C}{1C}C은(는)\n산소가＿부족해＿헐떡인다∥{12}
00325	{0C}{1C}C은(는)\n강산에＿침식당하고＿있다∥{12}	{0C}{1C}C은(는)\n강산에＿녹고＿있다∥{12}
00326	{0C}{1C}C은(는)\n자기＿껍질＿속에＿틀어박혀＿있다∥{12}	{0C}{1C}C은(는)\n껍질에＿틀어박혀＿있다∥{12}
00327	{0C}{1C}C은(는)＿움직일＿수＿없다∥{12}	{0C}{1C}C은(는)＿못＿움직인다∥{12}
00328	{0C}{1C}C은(는)＿잠들어＿있다∥{12}	{0C}{1C}C은(는)＿자고＿있다∥{12}
00330	{0C}{1C}C은(는)＿{1C}A의\n{1C}a을(를)\n간신히＿물리쳤다∥{12}	{0C}{1C}C은(는)＿{1C}A의\n{1C}a을(를)\n겨우＿막았다∥{12}
00331	{0C}{1C}C은(는)＿{1C}w에게\n짓밟히고＿있다∥{12}	{0C}{1C}C은(는)＿{1C}w에게\n밟히고＿있다∥{12}
00332	{0C}{1C}C은(는)＿{1C}w을(를)\n짓밟고＿있다∥{12}	{0C}{1C}C은(는)＿{1C}w을(를)\n밟고＿있다∥{12}
00334	{0C}{1C}C은(는)＿{1C}W에게\n휘감겨＿있다∥{12}	{0C}{1C}C은(는)＿{1C}W에게\n감겨＿있다∥{12}
00335	{0C}{1C}C은(는)＿{1C}W을(를)\n끌어안은＿채＿전격을＿방출한다∥{12}	{0C}{1C}C은(는)＿{1C}W을(를)\n안은＿채＿전격을＿쏜다∥{12}
00336	{0C}{1C}C은(는)＿{1C}W을(를)\n휘감은＿채＿전격을＿방출한다∥{12}	{0C}{1C}C은(는)＿{1C}W을(를)\n감은＿채＿전격을＿쏜다∥{12}
00337	{0C}{1C}C은(는)＿{1C}Y에게\n꽉꽉＿조여지고＿있다∥{12}	{0C}{1C}C은(는)＿{1C}Y에게\n꽉꽉＿조이고＿있다∥{12}
00340	{0C}{1C}C은(는)＿코브라＿트위스트로\n{1C}Y을(를)＿괴롭히고＿있다∥{12}	{0C}{1C}C은(는)＿코브라＿트위스트로\n{1C}Y을(를)＿괴롭힌다∥{12}
00341	{0C}{1C}C은(는)＿{1C}Y을(를)\n꽉꽉＿조르고＿있다∥{12}	{0C}{1C}C은(는)＿{1C}Y을(를)\n꽉꽉＿조른다∥{12}
00342	{0C}{1C}A은(는)\n{1D}을(를)＿훔쳐서\n입에＿넣었다∥{12}	{0C}{1C}A은(는)\n{1D}을(를)＿훔쳐\n먹었다∥{12}
00343	{0C}불길은＿더욱＿번져＿나갔다∥{12}	{0C}불길은＿더욱＿번졌다∥{12}
00344	{0C}{1C}T은(는)\n불길에＿타고＿있다∥{12}	{0C}{1C}T은(는)\n불에＿타고＿있다∥{12}
00346	{0C}{10}0{1C}G에게\n{06}{1E} BP{04}의＿대미지{12}	{0C}{10}0{1C}G에게\n{06}{1E} BP{04}＿대미지{12}
00349	{0C}{1C}G{1D}\n{06}{1E}{04}의＿대미지{12}	{0C}{1C}G{1D}\n{06}{1E}{04}＿대미지{12}
00354	모아＿둔＿힘을＿단숨에\n폭발∥	모은＿힘을＿단숨에\n폭발∥
00357	{0C}{1C}p은(는)\n{1C}T에＿대한＿공격을\n몸을＿던져＿막았다∥{12}	{0C}{1C}p은(는)\n{1C}T에＿대한＿공격을\n몸으로＿막았다∥{12}
00359	{0C}{1C}T은(는)\n재빨리＿몸을＿피했다∥{12}	{0C}{1C}T은(는)\n재빨리＿피했다∥{12}
00360	{0C}{10}0{15}R{1C}A의\n{1D}은(는)\n산산이＿부서졌다…∥{14}{12}	{0C}{10}0{15}R{1C}A의\n{1D}은(는)\n산산조각났다…∥{14}{12}
00364	{0C}{10}0{1C}T은(는)＿혼란에＿빠졌다∥{12}	{0C}{10}0{1C}T은(는)＿혼란해졌다∥{12}
00365	{0C}{1C}A은(는)\n머리카락을＿마구＿흩날렸다∥\n{1C}a∥	{0C}{1C}A은(는)\n머리를＿마구＿흩날렸다∥\n{1C}a∥
00367	{0C}{10}0{1C}T은(는)\n심하게＿기침했다∥	{0C}{10}0{1C}T은(는)\n마구＿기침했다∥
00372	{0C}{10}0{1C}A은(는)\n동물들을＿뛰어넘어\n무사히＿도망쳤다∥{12}	{0C}{10}0{1C}A은(는)\n동물들을＿넘어\n무사히＿도망쳤다∥{12}
00373	{0C}{10}0{1C}A은(는)＿자기＿가슴을\n세차게＿두드렸다∥	{0C}{10}0{1C}A은(는)＿가슴을\n세차게＿두드렸다∥
00375	\n다리를＿크게＿치켜들었다∥\n{1C}a∥	\n다리를＿높이＿들었다∥\n{1C}a∥
00377	{0C}{10}0{1C}A은(는)＿온몸의＿털구멍에서\n홍련의＿불꽃을＿뿜어＿올렸다∥	{0C}{10}0{1C}A은(는)＿온몸의＿모공에서\n홍련의＿불꽃을＿뿜었다∥
00378	{0C}{10}0주위＿일대가＿불바다가\n되었다∥{12}	{0C}{10}0주위가＿불바다가＿됐다∥{12}
00380	{0C}{10}0{1C}A은(는)\n{1C}T의\n체형을＿관찰하고＿있다∥	{0C}{10}0{1C}A은(는)\n{1C}T의\n체형을＿살핀다∥
00381	{0C}{10}0{1C}A의＿몸은\n{1C}T와(과)\n같은＿체형으로＿탈바꿈했다∥{12}	{0C}{10}0{1C}A의＿몸은\n{1C}T와(과)\n같은＿체형으로＿변했다∥{12}
00383	{0C}{10}0{1C}A의＿{1C}a이(가)∥\n{1C}T을(를)\n끌어안았다∥	{0C}{10}0{1C}A의＿{1C}a이(가)∥\n{1C}T을(를)\n안았다∥
00384	화염의＿숨결을\n내뿜었다∥	화염을\n뿜었다∥
00385	{0C}{1C}A은(는)＿볼을＿부풀리고\n날카롭게＿숨을＿내뱉었다∥\n{1C}a∥	{0C}{1C}A은(는)＿볼을＿부풀려\n세게＿숨을＿뱉었다∥\n{1C}a∥
00386	날개가＿일으키는＿거대한\n회오리∥	날개가＿일으킨＿거대한\n회오리∥
00387	{0C}{10}0{1C}A은(는)＿두＿팔의＿비막을＿펼쳤다∥\n날개가＿일으키는＿거대한＿회오리∥	{0C}{10}0{1C}A은(는)＿팔의＿비막을＿폈다∥\n날개가＿일으킨＿거대한＿회오리∥
00389	{0C}크게＿입을＿벌리고＿덤벼들었다∥\n{1C}a∥	{0C}입을＿쩍＿벌리고＿덤볐다∥\n{1C}a∥
00391	{0C}{10}0{1C}A은(는)＿{1C}T을(를)\n삼켜서＿소화했다∥	{0C}{10}0{1C}A은(는)＿{1C}T을(를)\n삼켜＿소화했다∥
00392	{0C}{10}0{1C}A의＿{06}HP{1E}@{04}\n공격력{06}{1E}@ {04}수비력{06}{1E}@{04}\n민첩성{06}{1E}@ BP{1E}@{04}{12}	{0C}{10}0{1C}A의＿{06}HP{1E}@{04}\n공격력{06}{1E}@ {04}수비력{06}{1E}@{04}\n민첩{06}{1E}@ BP{1E}@{04}{12}
00393	{0C}{10}0{1C}A은(는)＿부드럽게\n{1C}U의＿다리를＿깨물었다∥\n{1C}a∥	{0C}{10}0{1C}A은(는)＿살짝\n{1C}U의＿다리를＿물었다∥\n{1C}a∥
00394	엉덩이에서＿돋아난＿필살의\n독침∥	엉덩이에＿돋은＿필살의\n독침∥
00395	팔의＿큰＿낫이＿휩쓸어\n벤다∥	팔의＿큰＿낫이\n휩쓴다∥
00396	{0C}{10}0{1C}A의＿척골이\n팔의＿살을＿찢고＿튀어나왔다∥\n{1C}a∥	{0C}{10}0{1C}A의＿척골이\n살을＿찢고＿튀어나왔다∥\n{1C}a∥
00397	{0C}{10}0{1C}A은(는)\n위장에＿모아둔＿모래를＿토해냈다∥	{0C}{10}0{1C}A은(는)\n위에＿모은＿모래를＿토했다∥
00398	{0C}{10}0{1C}K의＿발밑은\n모래투성이가＿되었다∥{12}	{0C}{10}0{1C}K의＿발밑은\n모래투성이가＿됐다∥{12}
00399	{0C}{10}0{1C}A의＿전방은\n모래투성이가＿되었다∥{12}	{0C}{10}0{1C}A의＿전방은\n모래투성이가＿됐다∥{12}
00400	\n갈색＿거품을＿입에서＿뿜어냈다∥	\n입에서＿갈색＿거품을＿뿜었다∥
00402	항문에서＿악취를\n내뿜었다∥	항문에서＿악취를\n뿜었다∥
00403	{0C}{10}0{1C}A은(는)＿직장에\n가스를＿모았다∥\n단숨에＿뿜어내는＿{1C}a∥	{0C}{10}0{1C}A은(는)＿직장에\n가스를＿모았다∥\n단숨에＿뿜는＿{1C}a∥
00404	{0C}{1C}T은(는)\n악취에＿심하게＿구토했다∥	{0C}{1C}T은(는)\n악취에＿마구＿토했다∥
00405	{0C}{10}0{1C}A은(는)＿피부를\n경화시켰다∥	{0C}{10}0{1C}A은(는)＿피부를\n굳혔다∥
00406	{0C}{1C}A은(는)＿입에서\n가느다란＿실을＿뿜어냈다∥	{0C}{1C}A은(는)＿입에서\n가는＿실을＿뿜었다∥
00408	꼬리의＿침이＿우아하게\n춤춘다∥	꼬리＿침이＿우아하게\n춤춘다∥
00409	{0C}{10}0{1C}A의＿발톱이＿먹잇감을＿찾아\n흔들흔들＿흔들린다…\n{1C}a∥	{0C}{10}0{1C}A의＿발톱이＿먹이를＿찾아\n흔들거린다…\n{1C}a∥
00410	{0C}{10}0{1C}A은(는)＿등의＿지방을\n에너지로＿바꿨다∥{12}	{0C}{10}0{1C}A은(는)＿등＿지방을\n에너지로＿바꿨다∥{12}
00413	{0C}{10}0{1C}A은(는)＿팔꿈치＿관절을＿빼서\n꼬리처럼＿휘둘렀다∥	{0C}{10}0{1C}A은(는)＿팔꿈치를＿빼서\n꼬리처럼＿휘둘렀다∥
00416	{0C}{10}0{1C}T은(는)\n구역질이＿났다∥\n{06}BP{04}를＿봉인당했다∥{12}	{0C}{10}0{1C}T은(는)\n구역질이＿났다∥\n{06}BP{04}를＿봉인됐다∥{12}
00418	{0C}{10}0{1C}T의\n명중률이＿절반이＿되었다∥	{0C}{10}0{1C}T의\n명중률이＿절반이＿됐다∥
00420	온몸이＿수상하게\n빛났다∥	온몸이＿묘하게\n빛났다∥
00421	{0C}{10}0{1C}A은(는)＿가슴＿끝을\n격렬하게＿점멸시켰다∥	{0C}{10}0{1C}A은(는)＿가슴＿끝을\n마구＿깜박였다∥
00423	{0C}{10}0{1C}A은(는)\n자기＿껍질＿속에＿틀어박혔다∥	{0C}{10}0{1C}A은(는)\n껍질에＿틀어박혔다∥
00425	\n{1C}T에게＿달려들어＿물어뜯었다∥\n{1C}a∥	\n{1C}T에게＿달려들어＿물었다∥\n{1C}a∥
00426	\n{1C}A은(는)\n하얀＿입김을＿대량으로＿내뿜었다∥	\n{1C}A은(는)\n흰＿입김을＿잔뜩＿뿜었다∥
00429	{0C}{10}0{1C}A의＿앞이마에＿날카로운＿융기∥\n{1C}a∥{12}	{0C}{10}0{1C}A의＿이마에＿날카로운＿돌기∥\n{1C}a∥{12}
00431	입에서＿눈보라를\n내뿜었다∥	입에서＿눈보라를\n뿜었다∥
00432	{0C}{10}0{1C}A은(는)＿「아～앙」하고\n애타는＿한숨을＿내쉬었다…{12}	{0C}{10}0{1C}A은(는)＿「아～앙」\n애타는＿한숨을＿쉬었다…{12}
00433	{0C}{10}0{1C}T은(는)＿얼굴이＿빨개졌다…	{0C}{10}0{1C}T은(는)＿얼굴을＿붉혔다…
00436	{0C}{10}0{1C}T은(는)\n그＿부분에＿넋을＿잃고＿있다…	{0C}{10}0{1C}T은(는)\n그＿부분에＿넋을＿잃었다…
00437	{0C}{10}0{1C}A은(는)＿고개를＿갸웃하며\n윙크했다∥	{0C}{10}0{1C}A은(는)＿갸웃하며\n윙크했다∥
00438	{0C}{10}0{1C}T은(는)\n감쪽같이＿길들여졌다∥{12}	{0C}{10}0{1C}T은(는)\n완전히＿길들여졌다∥{12}
00439	{0C}{10}0{1C}A은(는)\n응급처치를＿시도했다∥{12}	{0C}{10}0{1C}A은(는)\n응급처치를＿했다∥{12}
00440	{0C}{10}0{1C}A은(는)\n「그르로로로」하고\n낮게＿으르렁거렸다∥{12}	{0C}{10}0{1C}A은(는)\n「그르로로로」＿낮게\n으르렁댔다∥{12}
00441	{0C}{10}0{1C}A은(는)\n「그르르르＿르ーーー웅」하고\n2번＿길게＿울부짖었다∥	{0C}{10}0{1C}A은(는)\n「그르르르＿르ーーー웅」\n2번＿길게＿울부짖었다∥
00442	{0C}{10}0「그르르르＿르ーーー웅」하고\n2번＿길게＿울부짖자\n{1C}T이(가)＿나타났다∥{12}	{0C}{10}0「그르르르＿르ーーー웅」\n2번＿길게＿울부짖자\n{1C}T이(가)＿나타났다∥{12}
00443	{0C}{10}0{1C}A은(는)＿{1C}T을(를)\n덤벼들게＿했다∥{12}	{0C}{10}0{1C}A은(는)＿{1C}T을(를)\n부추겼다∥{12}
00444	{0C}{10}0{1C}A은(는)＿린다를\n끌어안고＿도망쳤다∥{12}	{0C}{10}0{1C}A은(는)＿린다를\n안고＿도망쳤다∥{12}
00445	{0C}{10}0{1C}A은(는)＿린다를\n질질＿끌며＿도망쳤다∥{12}	{0C}{10}0{1C}A은(는)＿린다를\n끌고＿도망쳤다∥{12}
00446	{0C}{10}0{1C}T의＿몸에\n달콤한＿향기가＿배어들었다…{12}	{0C}{10}0{1C}T의＿몸에\n달콤한＿향기가＿배었다…{12}
00448	{0C}{10}0하지만＿도구＿주머니의\n내용물은＿조금＿젖었을\n뿐이었다…∥{12}	{0C}{10}0하지만＿도구＿주머니＿속은\n조금＿젖었을＿뿐이었다…∥{12}
00449	{0C}{10}0{1C}A은(는)\n2개체로＿분열했다∥	{0C}{10}0{1C}A은(는)\n둘로＿분열했다∥
00451	{0C}{10}0{1C}K의＿발밑은\n물바다가＿되었다∥{12}	{0C}{10}0{1C}K의＿발밑은\n물바다가＿됐다∥{12}
00462	{0C}{10}0불꽃은＿더욱＿번져＿나갔다∥{12}	{0C}{10}0불꽃은＿더욱＿번졌다∥{12}
00463	{0C}{10}0{1C}T은(는)＿이명이＿들려\n조금＿휘청거렸다…{12}	{0C}{10}0{1C}T은(는)＿귀가＿울려\n조금＿휘청였다…{12}
00464	{0C}{1C}T의＿눈동자＿깊은＿곳에서\n하얀＿것이＿깜박였다…{12}	{0C}{1C}T의＿눈동자＿속에서\n하얀＿것이＿깜박였다…{12}
00465	{0C}{10}0{1C}A은(는)\n{1D}을(를)＿훔쳐서\n입에＿넣었다∥{12}	{0C}{10}0{1C}A은(는)\n{1D}을(를)＿훔쳐\n먹었다∥{12}
00466	{0C}{10}0켄은＿허둥지둥\n도구＿주머니를\n숨겼다∥{12}	{0C}{10}0켄은＿황급히\n도구＿주머니를\n숨겼다∥{12}
00467	{0C}{10}0주위에＿시큼한\n냄새가＿자욱하게\n퍼졌다…{12}	{0C}{10}0주위에＿시큼한\n냄새가＿퍼졌다…{12}
00468	{0C}{10}0{1C}T도\n「그르로＿그르로」하고\n배가＿꼬르륵거렸다∥{12}	{0C}{10}0{1C}T도\n「그르로＿그르로」\n배가＿울렸다∥{12}
00470	{0C}{10}0{1C}T은(는)＿멍하니\n넋을＿잃고＿들었다…{12}	{0C}{10}0{1C}T은(는)＿넋을＿잃고\n들었다…{12}
00471	{0C}{10}0{1C}A은(는)\n{1D}에＿숨어들어＿모습을＿감췄다…	{0C}{10}0{1C}A은(는)\n{1D}에＿숨어＿모습을＿감췄다…
00472	{0C}{10}0{1C}A은(는)\n{1C}T이(가)＿되었다∥	{0C}{10}0{1C}A은(는)\n{1C}T이(가)＿됐다∥
00473	{0C}{10}0{1C}T은(는)\n이상한＿가려움에＿시달렸다∥\n{06}BP{04}를＿봉인당했다∥{12}	{0C}{10}0{1C}T은(는)\n가려움에＿시달렸다∥\n{06}BP{04}를＿봉인됐다∥{12}
00475	{0C}{10}0{1C}A은(는)＿온몸의＿땀샘에서\n보라색＿체액을＿분출했다∥{12}	{0C}{10}0{1C}A은(는)＿온몸의＿땀샘에서\n보라색＿체액을＿뿜었다∥{12}
00476	{0C}{10}0{1C}A은(는)\n미끌미끌해＿졌다∥{12}	{0C}{10}0{1C}A은(는)\n미끌미끌해졌다∥{12}
00479	\n순식간에＿부풀어＿오르는＿린다의＿가슴\n{1C}a＿발사∥	\n순식간에＿부푸는＿린다의＿가슴\n{1C}a＿발사∥
00483	{0C}{1C}A은(는)＿{1D}을(를)\n자신의＿{1D}에＿갖다＿댔다∥{12}	{0C}{1C}A은(는)＿{1D}을(를)\n자신의＿{1D}에＿댔다∥{12}
00485	\n민첩성{06}{1E}@{04}	\n민첩{06}{1E}@{04}
00487	{0C}{10}0{1C}T의\n컨디션이＿원래대로＿돌아왔다∥{12}	{0C}{10}0{1C}T의\n컨디션이＿회복됐다∥{12}
00488	{0C}{10}0{1C}T은(는)\n간신히＿버텨냈다∥{12}	{0C}{10}0{1C}T은(는)\n간신히＿버텼다∥{12}
00497	{1C}T은(는)\n몸부림치며＿괴로워했다∥	{1C}T은(는)\n괴로워＿몸부림쳤다∥
00498	{1C}T의＿온몸이\n타서＿짓물렀다∥	{1C}T의＿온몸이\n짓물렀다∥
00502	{0C}{10}0{15}R{1C}G의\n{1D}은(는)\n복부에＿큰＿구멍이＿뚫렸다∥{14}{12}	{0C}{10}0{15}R{1C}G의\n{1D}은(는)\n배에＿큰＿구멍이＿뚫렸다∥{14}{12}
00505	{0C}누군가가＿{1D}에＿나타났다∥	{0C}누군가＿{1D}에＿나타났다∥
00507	{0C}{1C}D은(는)\n싸울＿힘을＿잃었다…{12}	{0C}{1C}D은(는)\n전의를＿잃었다…{12}
00508	{0C}{1C}D은(는)\n흙으로＿돌아갔다…∥	{0C}{1C}D은(는)\n흙이＿됐다…∥
00510	{0C}{1C}D은(는)\n저항을＿그만두었다	{0C}{1C}D은(는)\n저항을＿멈췄다
00513	{0C}{1C}T은(는)＿눈망울이＿촉촉해졌다{12}	{0C}{1C}T은(는)＿눈이＿촉촉해졌다{12}
00516	{0C}{1C}T은(는)＿싸울＿힘을\n되찾았다{12}	{0C}{1C}T은(는)＿전의를\n되찾았다{12}
00517	{0C}{10}0{1C}T은(는)＿몸이\n마비되고＿말았다{12}	{0C}{10}0{1C}T은(는)＿몸이\n마비됐다{12}
00530	민첩성＿효과	민첩＿효과
00535	\n지능＿체크{06}{1E}{0F}-{1E}{04}	\n지능체크{06}{1E}{0F}-{1E}{04}
00540	\n집중＿타깃＝{1C}T	\n집중타깃＝{1C}T
00541	{0C}통상＿공격	{0C}통상공격
00550	켄이＿도망쳤으니\n도망칠까？	켄이＿도망갔다\n도망칠까？
00554	{0C}인접한＿적	{0C}인접＿적
00555	{0C}전기・액체＿공격의＿효과＿범위＿확대	{0C}전기・액체＿공격＿효과＿범위＿확대
00556	\n지능＿체크{06}{1E}{04}	\n지능체크{06}{1E}{04}
00559	{0C}{1C}A의＿공격∥\n머리＿위에서＿내리쳐지는＿악마의＿망치\n{1C}a∥{12}	{0C}{1C}A의＿공격∥\n머리＿위로＿내리치는＿악마의＿망치\n{1C}a∥{12}
00561	{0C}{1D}{1C}A의\n연속＿공격∥	{0C}{1D}{1C}A의\n연속공격∥