ID	바꿀 것	바꿀 말
00589	고쿠부（国分）명인	고쿠부 명인
02472	초(超)가	「초」자가
04694	색香	색향
00733	{1D}トア	{1D}토아
00733	{1D}トイ	{1D}토이
00733	{1D}トウ	{1D}토우
00733	{1D}トエ	{1D}토에
00733	{1D}トオ	{1D}토오
04186	｜の　の　゛	｜○　○　゛
04186	｜　も	｜　Ｌ
04186	｜　へ	｜　～
00713	소지금	자금
00714	소지금	자금
01305	소지금	자금
01895	켄은 붉은실삼나무 줄기를 살펴보았다	켄은 붉은삼나무 줄기를 살폈다
01902	켄은 붉은실삼나무 줄기를 살펴보았다	켄은 붉은삼나무 줄기를 살폈다
01906	켄은 붉은실삼나무 줄기를 살펴보았다	켄은 붉은삼나무 줄기를 살폈다
01911	켄은 붉은실삼나무 줄기를 살펴보았다	켄은 붉은삼나무 줄기를 살폈다
01914	켄은 붉은실삼나무 줄기를 살펴보았다	켄은 붉은삼나무 줄기를 살폈다
01923	켄은 붉은실삼나무 줄기를 살펴보았다	켄은 붉은삼나무 줄기를 살폈다
02154	소지금	자금
02211	소지금	자금
02216	소지금	자금
02221	소지금	자금
02224	소지금	자금
02328	소지금	자금
04571	소지금	자금
04907	소지금	자금
04961	소지금	자금
05165	소지금	자금
05537	소지금	자금
05854	소지금	자금
05855	소지금	자금
00621	{01}악마의 집{02}152	{01}악마의집{02}152
00622	{01}우리 집{02}232	{01}우리집{02}232
01093	１９２의 여유 용량이 필요합니다	１９２의 여유 공간 필요
03824	{01}특수 기술 습득	{01}특기 습득
01093	{02}78기록을 지우거나	{02}78기록 삭제나
