ID	번역(손으로 고친 것 — trfix.py 가 마지막에 덮어씀)
00003	{0C}{04}{01}도구{0E}　{01}장비{0E}　{01}능력{0E}　{01}엽견{0E}　{01}{06}T.C.{0E}{04}　{01}정보{0E}　{01}{06}내비S{0E}{12}
00006	{0C}{15}W미등록 미포획　……………………{15}R빨강{11}240{0C}{15}W미등록 포획 완료　………………{15}Y노랑{11}240{0C}{15}W등록 완료　…………………………흰색{11}240{0C}{15}W절대 포획 불가　…………………{15}K검정{11}240{07}
00008	{0C}{15}W도구를 쓰거나 버릴 수 있습니다
00011	{0C}{15}W목록 표시나 대열 변경이 가능합니다
00013	{0C}{15}W동물도감과 상태를 볼 수 있습니다
00014	{0C}{15}W지도 표시 던전에서도 사용 가능
00017	{0C}{15}W현재 사용할 수 있는 특수능력 목록
00019	{0C}{19}1{10}16{15}S그녀의 애절한 노랫소리…\n켄은 아무 일도 손에 안 잡힌다…{14}{12}
00066	{0C}문자표시：{01}
00067	{0E}\n전투표시：{01}
00070	{0C}{15}K자동응답 전화 수신 {01}{83BA}{83BA}{0E}＿{01}확인{0E}
00071	{15}W도주중
00073	{15}W이상없음
00132	{15}W단체공격A
00133	{15}W단체공격B
00134	{15}W복수공격A
00135	{15}W복수공격B
00136	{15}W아군강화등
00137	{15}W공격보조
00138	{15}W괴물능력
00139	{15}W인간능력
00140	{15}W복수공격
00141	{15}W자기방어
00203	{0C}{10}0{15}W미등록 미포획　……………………{15}R빨강{11}240{0C}{15}W미등록 포획 완료　………………{15}Y노랑{11}240{0C}{15}W등록 완료　…………………………흰색{11}240{0C}{15}W절대 포획 불가　…………………{15}K검정{11}240{07}
00207	{0C}{01}사　용{0E}＿{01}정　렬{0E}\n{01}교　환{0E}＿{01}버리기{0E}
00208	{0C}{01}먹　기{0E}＿{01}던지기{0E}＿{01}정　렬{0E}\n{01}교　환{0E}＿{01}버리기{0E}＿{01}　　　{0E}
00209	{0C}{01}장　비{0E}＿{01}정　렬{0E}\n{01}교　환{0E}＿{01}버리기{0E}
00214	{0C}{10}0{1D}을(를)\n버리겠습니까？\n{01}예{0E}／{01}아니오{0E}
00220	{0C}{01}교　환{0E}＿{01}정　렬{0E}＿{01}놓아줌{0E}
00221	{0C}{1D}을(를)\n놓아줄까요？\n{01}예{0E}／{01}아니오{0E}
00230	{15}W등록완료
00255	{01}교　환{0E}＿{01}능　력{0E}
00256	{01}교　환{0E}＿{01}놓아줌{0E}＿{01}능　력{0E}
00257	{0C}{10}0{1D}을(를)\n놓아줄까요？\n{01}예{0E}／{01}아니오{0E}
00266	{0C}{1D}＿{1E}마리\n{06}TRANS-CARGO {04}만원∥\n{01}놓아준다{0E}／{01}포기한다{0E}
00268	{0C}{1D} 놓아줄까요？\n{01}예{0E}／{01}아니오{0E}
00280	{0C}{1D}력　{1E}@035\n다시 장비할까요{0E}\n{01}예{0E}／{01}아니오{0E}
00283	{01}먹　기{0E}\n{01}던지기{0E}
00286	{0C}{15}YA모드 {14}{01}응급 처치　{0E}\n{15}YB모드 {14}{01}핸드 빔　　{0E}
00290	{0C}{1D}{01}저놈을 노려　{0E}＿{01}모두 도망쳐　{0E}\n{01}빈틈 주지 마{0E}＿{01}사력을 다해라{0E}\n{01}아군을 감싸　{0E}＿{01}도망치지 마라{0E}\n{01}자유롭게 싸워{0E}＿{15}W{01}사냥개 교체　{0E}
00566	{0C}{02}21{1D}ＳＴＡＲＴ\n{1D}ＣＯＮＴＩＮＵＥ\n{1D}ＰＲＯＬＯＧＵＥ\n{02}21{1D}난이도조정\n{1D}＿＿명인과 경쟁∥
00570	{0C}{10}0{02}112Φ\n{09}8{02}11「Ｌｉｎｄａ３」를 저장하려면\n{02}33１９２의 여유 공간 필요\n{02}19이대로 게임을 시작할 경우,\n{02}19기록을 저장할 수 없습니다\n{02}47게임을 시작할까요？\n{02}4{01}{02}46예（게임을 시작한다）{02}244{0E}\n{02}4{01}아니오（멀티플레이어 화면으로）{0E}
00571	{0C}{01}◇{0E}＿{1D}본체 ＲＡＭ{15}W\n{01}◇{0E}＿{1D}카트리지 ＲＡＭ{15}W\n{15}W{01}◇{0E}＿난이도 변경　　（현재 난이도{1E}）
00572	{0C}{10}0{02}116Φ\n{09}8{02}{1E}{1D}ＲＡＭ의\n{02}3백업 준비가 아직 안 되었습니다\n{02}{1E}{1D}ＲＡＭ의\n{02}59모든 기록을 지웁니다\n{02}80괜찮습니까？\n{02}16{01}{02}79예（초기화한다）{02}256{0E}\n{02}16{01}아니오（멀티플레이어 화면으로）{0E}
00573	{0C}{10}0{02}76Φ\n{09}8{02}{1E}{1D}ＲＡＭ의\n{02}5모든 기록 삭제 중입니다\n{02}32（초기화 중입니다）\n{02}19잠시 기다려 주십시오
00574	{0C}{10}0{02}{1E}{1D}ＲＡＭ의\n{02}4모든 기록을 지웠습니다\n{02}10（초기화를 마쳤습니다）\n{02}81{12}
00577	{15}b{01}{06}{1E}.{0E}{04}    （미등록）\n
00578	{15}R{01}{06}{1E}.{0E}{04}    （데이터 사용 불가）\n
00579	{15}W{01}{06}{1E}.{0E} {1D} {06}199{1E}{04}년{1D}＿{1D}{02}164{06}{1E}35{04}종등록 난{1E}\n
00580	\n{15}W{01}◇{08}2{0E}＿난이도 변경　（현재 난이도{1E}）
00583	{0C}시나리오Ｃ를 배꼽 잡고 웃으며\n즐기려면 ＡＢ를 먼저 클리어하자\n{01}쓸데없는 참견{0E}／{01}그럼 나중에{0E}
00584	{0C}{10}0２회차 이후 플레이에선 음성이\n좀 번거로울 거야,어떻게 할래？\n내레이션 {01}ＯＮ　{0E}／{01}ＯＦＦ{0E}
00585	{0C}{10}0Χ{06}30{04}종 이상 동물 포획\nΧ방주를 발진시킨다\n　　설정난이도{1E}{01}→→{0E}　{01}확인{0E}
00586	{0C}{10}0Χ{06}50{04}종 이상 동물 포획\nΧ방주를 발진시킨다\n　　설정난이도{1E}{01}→→{0E}　{01}확인{0E}
00590	{0C}{10}0Χ불가능에의 도전∥\n　１년간 {06}100{04}종 이상의\n　동물을 포획\nΧ방주를 발진시킨다\n　　설정난이도{1E}{01}→→{0E}　{01}확인{0E}
00591	{0C}{01}{1D}［난１］{0E}＿{15}W계절경과시간：고＿←＿→＿저\n절체절명의 극한이 내 인생\n{09}6{01}{1D}［난２］{0E}＿{15}W계절경과시간：고＿←＿→＿저\n적당한 긴장,디자이너 추천\n{09}6{01}{1D}［난３］{0E}＿{15}W계절경과시간：고＿←＿→＿저\n쉬운 게임파인 당신에게 딱\n{09}6{01}{1D}［난４］{0E}＿{15}W계절경과시간：고＿←＿→＿저\n뼛속까지 빨아먹고 싶다
00593	{0C}{15}W명인과 경쟁∥　{01}{1D}Ｏ　Ｎ{0E}　{01}{1D}ＯＦＦ{0E}{09}-6
00594	{0C}{01}{1D}놀이 모드{0E}{02}112명인의 길\n{01}{1D}연습 모드{0E}{02}112백수왕 고쿠부\n{01}{1D}진심 모드{0E}{02}112고쿠부 전설{15}W
00596	{0C}{10}0{02}21명인을 좋아하는 분,\n{02}14명인과 겨루고픈 분은\n{02}56꼭 오세요∥
00600	{0C}{01}오즈포트　　　{0E}＿{01}하디아　　　　{0E}\n{01}미나고　　　　{0E}＿{01}호스피코　　　{0E}\n{01}파라사이드　　{0E}＿{01}네뷸　　　　　{0E}\n{01}네브로드　　　{0E}＿{01}루리나스 타워 {0E}\n{01}다이 케이브　 {0E}＿{01}카라고람　　　{0E}\n{01}마블폴리스　　{0E}＿{01}야마피트　　　{0E}\n{01}다그폰드　　　{0E}
00601	{0C}{01}배틀 파크　　 {0E}＿{01}코시카타　　{0E}\n{01}Ｇ팩토리　　　{0E}＿{01}에터나　　　{0E}\n{01}리나 밸리　　 {0E}＿{01}스퍼머리나　{0E}\n{01}노스 카메노스 {0E}＿{01}우루마Ａ　　{0E}\n{01}우루마Ｂ　　　{0E}＿{01}우루마Ｃ　　{0E}\n{01}우루마Ｄ　　　{0E}＿{01}샤나이　　　{0E}\n{01}자스　　　　　{0E}＿{01}스와롬　　　{0E}
00605	{0C}{10}0{01}◇{0E}＿몇 번이고 죽어줄게\n{01}◇{0E}＿대장실에 피는 꽃■\n{01}◇{0E}＿키하라 료코 오른귀\n{01}◇{0E}＿머리가 붉던 그녀\n{01}◇{0E}＿{06}CANNABIS{04}의 왼쪽 눈\n{01}◇{0E}＿{06}SPECIAL THANKS{04}
00607	{0C}{10}0{01}◇{0E}＿정지화면\n{01}◇{0E}＿무비
00609	{0C}{10}0{01}◇{0E}＿가족사진\n{01}◇{0E}＿뜻밖의 방문자\n{01}◇{0E}＿그녀의 변장\n{01}◇{0E}＿코브라 트위스트\n{01}◇{0E}＿２￥의 반지\n{01}◇{0E}＿나를 두고 가지 마\n{01}◇{0E}＿야타로와 츠루코\n{01}◇{0E}＿증거의 ｋｉｓｓ\n{01}◇{0E}＿１호\n{01}◇{0E}＿「켄…■」\n{01}◇{0E}＿「넥…■」\n{01}◇{0E}＿부활의 ｋｉｓｓ\n{01}◇{0E}＿용기의 주문\n{01}◇{0E}＿나미나 사인 색지
00611	{0C}{10}0{01}◇{0E}＿방주 도래\n{01}◇{0E}＿볼거리 가득\n{01}◇{0E}＿그네의 약속\n{01}◇{0E}＿구함！방주 남승무원\n{01}◇{0E}＿식은 죽 먹기지？\n{01}◇{0E}＿１０２호\n{01}◇{0E}＿천사는 보였지？\n{01}◇{0E}＿엄마의 냄새\n{01}◇{0E}＿동생의 오산\n{01}◇{0E}＿세상에서 제일…\n
00656	남은{06}{1E}{0F}000{04}
00723	{0C}{10}0화면 이펙트\n페이드아웃　{01}올블랙{0E} {01}올레드{0E} {01}블랙{0E} {01}레드{0E}\n페이드인　　{01}올블랙{0E} {01}올레드{0E} {01}블랙{0E} {01}레드{0E}
00814	{0C}{10}0{1D}{15}W\nＡ급＿보호동물이라\n거래할＿수＿없습니다{12}
00815	{16}{04}{01}{1D}{02}120{0E}{02}216{06}{1E}{04}마리
00820	{0C}{10}0가공비　{15}b{06}{1E}{04}{14}￥이\n부족합니다{12}
00823	{15}W{1D}{02}50{01}{1D}취　침　{0E}＿{01}{1D}망보기　{0E}
00824	{15}W{01}야영시작{0E}
00825	{01}{1D}식량가공{0E}＿{01}{1D}장비가공{0E}＿{01}{1D}덫 제작{0E}
00834	{08}7엽견조련
00851	{1D}＿{1E}두\n
00857	{0C}손님,전투불능 사냥개의 ＨＰ는\n숙박이나 야영으론 회복 안 돼요…\n{01}알고 있어{0E}／{01}정말이야？{0E}
00944	{0C}메뉴 보는 법을 설명해 드릴게요\n왼쪽부터 마을 이름,가운데는\n환승분도 포함한 항공 운임입니다{12}\n{0C}오른쪽 기호는 내비 시스템용\n마을의 위치 좌표입니다{12}\n{0C}꼭 걸어서 가고 싶다는\n별난 손님은 오른쪽 위치 좌표를\n참고하세요∥{12}
00955	이 마을 주변에서 볼 수 있는 건\n{1B}게,{1B}쑤기미,{1B}원숭이{12}\n가을엔 {1B}잠자리 떼도 볼 수 있어요{12}\n{0C}가까이 가지 않으면 {1B}원숭이 외엔\n특별히 위험하지 않습니다{12}\n{0C}걱정되시면 레벨 7 이상의\n헌터나 가이드를 고용해 주세요{12}
00975	{0C}－Ｎ・Ｋ・ＮＥＷＳ－＿[호외]\n코시카타의 비보「{1B}호랑이 발톱」,\n크리스마스에 특별 일반 공개∥{12}\n{0C}열린 비스천 사회를 지향하는\n신임 읍장 카니발 씨(32)의\n영단으로,마침내 실현∥{12}\n{0C}이날은 카니발 씨 첫째,둘째의\n출산 예정일이기도 해,세 가지\n경사에 씨의 기쁨도 각별∥{12}
01002	{0C}손님,오랫동안 이용해 주셨습니다\n본 데스크는 주민 대피가 끝나는\n{06}19{1E}34년까지 영업합니다{12}\n{0C}이용 감사합니다{12}
01032	{01}맡기기{0E}\n{01}꺼내기{0E}\n{01}그　만{0E}
01055	{0C}여러분의 네오케냐 은행입니다\n{01}예금 잔액{0E}／{01}상환 잔액{0E}／{01}통장 보기{0E}\n{01}메뉴로{0E}／{01}전화 끊기{0E}
01084	{0C}{10}0미등록입니다\n기록할까요?
01094	{10}0{15}Y{1D}RAM{06}:{04}데이터 선택
01150	{0C}{17}1{10}17무슨 일이든{10}0＿{17}8{10}20정신 차려라{10}0∥\n{17}33{10}21지금{10}0,{10}21할 수 있는 말은\n그것뿐이다{10}0…{17}54{10}18이상이다
01153	{0C}{17}1{10}15엘리자베스 사장,{17}11{10}16직접 의뢰라\n거절 못 해서 {17}36{10}15전화했네\n{17}50{10}13메모 준비는 {17}56{10}17됐나{10}0?
01174	{0C}{17}1{10}16린다 기억이 안 돌아오면\n{17}22{10}13방주는{10}0＿{10}16못 난다고\n{17}44의심되면{10}0＿{17}55{10}18조종실에 가 봐
01195	{0C}{17}1{10}13장소는 {17}10유적 옆\n{17}23{10}11붉은 계단을{10}14올라{10}0＿{17}47{10}12눈 속을\n{17}57서쪽으로{10}14가면{10}0＿{17}70{10}15금방 알아요
01271	『{1B}프테라노새는 매우 위험합니다\n　우리에 손발을 넣지 마십시오{12}\n{0C}　만일 사고가 나도\n　당사는 책임지지 않습니다』\n{02}168버드라인{12}
01286	{0C}헬가의 대예언은 말이야,１초 뒤든\n１일 뒤든,１년 뒤든,{06}１００{04}년 뒤든\n언제일진 몰라도 반드시 맞는다니까{12}\n{0C}하지만 말이 추상적이라서\n그게 일어날 때까지 모르거나\n일어나도 눈치채지 못할 뿐이야{12}
01291	\n{01}선인{0E}／{01}악인{0E}
01337	{0C}{17}1{10}18켄{10}0∥ {17}11{10}19이번엔{10}0＿{10}19오즈포트다{10}0∥\n{17}32{10}20린다는 공항 사무실서\n{17}46{10}20직원과{10}0＿{10}21수다 삼매경이다
01349	{0C}{17}1{10}16셔틀의{10}0＿{10}16돌연 폭발{10}0…\n{17}21{10}10현상금 사냥꾼{10}0,{10}10의문의 실종{10}0…\n{17}50{10}14무덤서 좀비가{10}0＿{17}57{10}14안녕{10}0…
01362	{0C}{17}1{10}13미안하구나{10}0,{17}12{10}13요시코가{17}19{10}17보드카를\n{10}18물인 줄{10}0＿{10}18마셔 버렸어{10}0…\n{17}45{10}13괜찮단다{10}0,{10}24안 죽으니까
01370	{0C}{17}1{10}15린다 양 회복도{10}0＿{10}15궁금하고\n{17}27검진 겸{10}0＿{17}39{10}17놀러 오게나{10}0？\n{17}55{10}16자네들이면{10}0＿{10}12대환영일세{10}0！
01372	{0C}{17}1{10}15파라사이드의{10}0＿{10}15늙은이네\n{17}31{10}20그 후로{10}0＿{17}44{10}16사이좋은 모양이군\n{17}68{10}13부부 화목,{17}81그게 최고지{10}0！
01373	{0C}{17}1{10}13일단{10}0＿{17}9{10}15귀띔해 두려고\n{17}35{10}20자네들이{10}0＿{10}18호텔서 만난\n{17}58{10}14그{17}62{10}16현상금 사냥꾼들…
01377	{0C}{17}1{10}18사치코・{10}19에모리 같은 사람을\n공원에서 봤다는 신고다\n{17}38당장 오즈포트로{10}0＿{10}20가라{10}0！
01399	{0C}{17}1{10}20여보세요,{17}12에모리 선생님{10}0？\n{17}30{10}20린다예요{10}0！{17}43{10}17드디어 켄이\n{10}18걷게 됐어요{10}0！
01411	{0C}{17}1{10}18저기{10}0！{17}15{10}16앞으로{06}21000{04}일쯤\n그것밖에{10}0＿{17}38{10}18나도 켄도 넥도\n{10}21이 우주에 못 있다고
01524	{0C}{10}0{15}WＡ버튼：고기＿던지기
01528	{15}W{10}0\n포획목표{08}4남은{1E}35종\n　　{01}→→{0E}＿{01}확인{0E}
01550	\n{01}그런가 봐{0E}／{01}정말이냐{0E}
01584	{0C}{17}1{10}12딸은 자살,{10}0{17}27{10}21클론도 {17}41{10}16가능\n복수를 실행할 {17}10{10}20힘도\n충분했다고 쳐 {10}0봐…
01617	{0C}{17}1{10}13수인으로 변할 {10}0때마다 {10}16생각해{17}31{10}16\n나,{17}40{10}19켄을 위해서라면\n뭐든 {10}22해낼 것 같다고…{10}0
01651	{0C}{17}1{10}14왜냐면 {10}0{17}15{10}17켄과 결혼한 뒤론{17}36{10}19\n힘든 날에도{10}0\n행복한 {17}57{10}19일을 꼭 하나 찾거든
01667	{0C}렌탈 동물을 빌릴 때의\n주의 사항을 볼까요?\n{01}확인한다{0E}／{01}알고 있다{0E}
01672	{0C}타는 듯한 사막도 렌탈 {1B}낙타\n톤키치를 타면 {1D}{06}300{04}{14}￥에 안전쾌적!\n{01}타고 싶다{0E}／{01}잡담한다{0E}／{01}그만둔다{0E}
01674	{0C}{1D}{06}{1E}{04}{14}￥에 {06}1{04}계절 무제한!{06} 1{04}계절 뒤엔\n알아서 돌아오니 두고 가도 OK!\n{01}계약한다{0E}／{01}빌리지 않는다{0E}
01695	{0C}얼어붙은 설원도 렌탈 {1B}북극곰\n칸타를 타면 {1D}{06}200{04}{14}￥에 안전쾌적!\n{01}타고 싶다{0E}／{01}잡담한다{0E}／{01}그만둔다{0E}
01696	{0C}위험한 물속도 렌탈 {1B}돌고래\n친페이를 타면 {1D}{06}200{04}{14}￥에 안전쾌적!\n{01}타고 싶다{0E}／{01}잡담한다{0E}／{01}그만둔다{0E}
01707	{0C}{02}71고 지\n＿방주선원 모집\n＿남녀 1명씩\n＿동물 잘 모으는 자에\n＿한함\n{02}114신 드림
01780	{0C}{17}1{10}13또{10}0 {17}10{10}9정결한 짐승{10}0 {17}25{10}11부정한 짐승{10}0\n{17}40{10}12새를 {17}48{10}16한 쌍씩 취하여{10}0 {17}69{10}14그것들을\n{10}16살게{10}0 {10}16하라{10}0…{17}115
01872	{0C}{17}1{10}22린다 씨{10}0!{17}8{10}18제발 기다려요{10}0!\n{17}21{10}20아버님께는{10}0 {10}20말하지 마요{10}0!\n{17}38{10}18더는{10}0 {17}44{10}18괴롭히지 마요{10}0!
01901	{0C}{17}1{10}18딴 것도 뭔가{10}0 {10}24적혀 있을걸{10}0!\n{17}22{10}24더{10}0 {10}25기억날 것 같아\n{17}39{10}0있잖아 {17}45{10}23같이 찾아줘{10}0!
01924	{0C}{19}1{10}16{15}S■ 안에 든 넥과 린다의 이름을\n발견했다\n{01}켄 이름으로{0E}／{01}이대로 둔다{0E}{14}
01963	공항 호텔의 10분의 1 요금으로\n묵을 숙소가 있는데 어때?\n{01}숙박하기{0E}／{01}잡담하기{0E}／{01}그만두기{0E}
01974	{01}사　기{0E}\n{01}팔　기{0E}\n{01}만들기{0E}\n{01}그　만{0E}
01996	{01}사　기{0E}\n{01}팔　기{0E}\n{01}그　만{0E}
02002	{0C}알을 부화시키는 게 우리 일이지\n하나당 {1D}{06}{1E}{04}{14}￥!어떡할 테야?\n{01}맡기기{0E}／{01}찾기{0E}／{01}잡담{0E}／{01}그만두기{0E}
02032	{0C}{02}20{03}8사진자료\n{02}34없음
02033	{03}164{02}56{15}KＡ버튼으로 ♂♀표시 전환{14}
02058	{0C}뭘로 할래요?전부 {1D}{06}{1E}{04}{14}￥입니다\n{01}{1D}{1D}{02}98{0E}／{01}{1D}{1D}{02}210{0E}\n{01}{1D}{1D}{02}98{0E}／{01}필요 없음{0E}
02147	{0C}행복한 출발을 완벽하게 연출하는\n엄선된 상품들을 둘러보세요\n{01}본다{0E}／{01}잡담{0E}／{01}돌아간다{0E}
02149	{0C}저희 반지는 모두 영원한 빛\n장래를 맹세하기에 딱 맞는 물건\n{01}본다{0E}／{01}잡담{0E}／{01}돌아간다{0E}
02150	{0C}{1D}을(를)\n구입하시나요\n{01}예{0E}／{01}아니오{0E}
02195	{0C}늘 고마워요!식용육!약용육!독육!\n오늘은 뭘로 하시겠어요?\n{01}거래한다{0E}／{01}잡담한다{0E}／{01}관둔다{0E}
02205	\n{01}인출{0E}{06}／{04}{01}입금{0E}{06}／{04}{01}융자{0E}{06}／{04}{01}상환{0E}{06}／{04}{01}통장{0E}{06}／{04}{01}잡담{0E}{06}／{04}{01}귀가{0E}
02254	{0C}상금 총액은 {06}{1E}{04}￥입니다\n수령 방법은 어떻게 하시겠습니까?\n{01}현금으로{0E}／{01}은행 계좌로{0E}／{01}전액 기부{0E}
02257	{0C}{06}{1E}{04}￥를 「난민구제센터」에\n기부하는데,괜찮으시죠?\n{01}사내에게 두말은 없다{0E}／{01}역시 관둔다{0E}
02354	{0C}{17}1{10}15만에 하나{10}0,{17}15{10}20너희가\n{10}0「{10}18인형사{10}0」{10}16한테{10}0 {10}16이기면\n{17}46{10}15우린{10}0 {10}10교통비만큼{10}0 {17}52{10}6손해{10}0야!
02364	{0C}{17}1{10}0「{10}16인형사{10}0」{10}16에게{10}0 {10}16걸린\n{10}12현상금{10}5 총액{10}0이야!{17}48{10}18또{10}0 {10}15그놈이\n{10}13빼앗은{10}0 {17}66{10}5목숨 수야{10}0…
02369	{0C}{19}1{10}16{15}S켄은 붉은삼나무 줄기를 살폈다{14}{12}\n{0C}{19}1{10}16{15}S■ 안에 든 넥과 사치코의 이름을\n발견했다{14}{12}
02383	있잖아,야한 얘기 해도 돼?\n{01}빨리 말해{0E}／{01}그건 좀…{0E}／{01}얘기만?{0E}
02406	{0C}그럼 린다 씨 흉내로 노래 부를게\n두 곡 되는데 어느 게 좋아?\n{01}「자장가」{0E}／{01}「린다」{0E}
02415	탈출선 예정은 앞으로 {1E}2편…\n그것만으로 지상에 남아 있는 사람\n전부를 회수할 수 있을까{12}\n{0C}못 타는 사람이 없으면 좋겠는데\n연방의 계획이란 게 탁상공론뿐이라\n대부분 도중에 파탄 나거든{12}
02416	터미널 위성 오즈샛에 어서 오세요\n오늘은 지인 배웅이신가요?\n{01}그런 셈이야{0E}／{01}동물 찾으러{0E}
02472	{0C}{17}1{10}14정체불명의{10}0＿{10}13프로 암살자야\n{17}27{10}19연방{10}0＿{10}19지명수배범 중에서도\n{17}47{10}12「초」자가{10}15붙는 거물이래
02540	연인들의 샘이 있다\n돈을 던지겠습니까？\n{01}예{0E}／{01}아니오{0E}
02546	남은{1E}년{1E}계절
02646	{01}사　기{0E}\n{01}팔　기{0E}\n{01}등　록{0E}\n{01}그　만{0E}
02650	{0C}사냥개는 태고부터 인간의 좋은 벗\n부디 당신도 １마리 어떠세요?\n{01}거래한다{0E}／{01}잡담한다{0E}／{01}그만둔다{0E}
02652	{04}{16}{15}W{01}엽견LV{1E}02{1D}{02}116{0E}{02}216{1D}{1E}39￥
02654	{0C}{10}0사냥개「{1D}」를\n{06}{1E}{04}￥에 팔까요?\n{01}예{0E}／{01}아니오{0E}
02659	\n{1D} 치료엔 {1D}{06}{1E}{14}{04}￥ 필요해\n{01}의뢰한다{0E}／{01}그냥 둔다{0E}
02707	{0C}{17}1{10}20무슨 일 생기면{10}0＿{10}21혼자\n끙끙대지 말고{10}0＿{10}21바로{10}0＿{10}21와라\n{17}37{10}13내가 해결해 주마{10}0∥ {17}57{10}22알겠지{10}0∥
02724	{0C}{17}1{10}16내가{10}0＿{10}16조금만 더{10}0＿{17}14{10}14의심했다면\n{17}32{10}20흄도 {10}20앤도 {10}20넥도\n{17}55{10}20구했을{10}0＿{10}20지도 모르는데{10}0…
02730	{0C}{17}1{10}0…{10}18살날이 {10}18얼마 안 남으면\n{17}24{10}22이런 {10}16슬픈 잔꾀만\n{10}14매일{10}0,{10}15떠올리게 되지{10}0…
02738	\n{01}◇{0E}죄송합니다,린다는 저희 집에\n{01}◇{0E}그때는 대장님과 함께였습니다!
02759	{0C}{19}1{10}16{15}S켄은 「본부 지하 열쇠」를 썼다{14}{12}
02770	{0C}{17}3{10}14…생각해 보면 {10}18엘리자베스와\n처음 만난 건 {10}12그녀 ２８살,\n{17}47{10}12내가 ２６살{10}0,{17}67{10}14둘 다 젊었지
02836	{0C}{17}1{10}18나도 대원이 모이면、\n{17}18{10}20뒤따라 가마{10}0！\n{17}34{10}25그때까지{10}0＿{10}18가만히 있어{10}0∥
02838	{0C}{17}1{10}18…라고{17}10 하고 싶지만 {17}18뭐{10}0、\n{17}34{10}20기대 없이{10}0＿{10}20기다릴 테니\n{17}54{10}18되도록{10}0＿{10}18빨리 와 줘
02841	{0C}{17}1{10}18아까 준{10}0＿{10}22전파 수신기는\n{10}15실외 전용이라는{10}0＿{10}16결점은\n있지만 {17}44{10}12충분히{10}14 쓸 만할 거다
02912	{0C}{17}1{10}0「{10}14린다를{10}0＿{10}14내 신부로{10}0！」\n{17}22{10}14라며 {17}33{10}16이제 와{10}0＿{10}18선언하더니\n{17}51{10}14이번엔 {10}12장인 소개냐{10}0？
02932	{0C}{17}1{10}19본부 뒤에 살면서\n{17}18{10}15부대 제일가는 지각왕이래\n{17}45{10}17아버지도{10}0＿{10}13천국에서{10}17 우시겠다
02977	\n{01}◇{0E}{08}4「부효효」가 뭐예요？\n{01}◇{0E}{08}4나한테도 숨김없이 알려 주세요
02983	{0C}{17}1{10}22켄！{17}14{10}17엄마 생각일 뿐\n이지만{10}0、{17}44{10}18여러 곳을\n{10}20린다에게 보여 주면{10}0＿{10}20어떨까
03034	{0C}{17}1{10}17저、{17}5린다와{10}0＿{17}15{10}16여기{10}18켄은\n{17}33{10}14동물을 구하려고{10}0＿{17}52{10}14용감하게\n{17}64{10}13방주 승무원에{10}0＿{10}15지원했습니다
03053	{0C}{17}1{10}17카마 보좌관한테{10}0＿{17}10{10}19들었겠지만{10}0、\n{17}30{10}16린다는{10}0＿{17}44{10}22파라사이드를\n소굴로{10}0＿{10}24삼은 모양이야
03056	{0C}{17}1{10}12뭐{10}0、{17}18{10}19끝난 일을{10}0＿{10}22이제 와\n{10}24구구절절 해 봤자{10}0＿{10}22소용없지{10}0…\n{17}51{10}19앞일을{10}0＿{10}19이야기하자
03057	{0C}{17}1{10}13외벽을 부술 방법도{10}0＿{17}15{10}15있긴\n하지만{10}0、{17}33{10}13준비에{17}41{10}15시간도 인력도\n{10}21너무 들어서{10}0＿{10}21말이 안 돼{10}0…
03058	{0C}{17}1{10}14린다의{10}12왼팔이{10}0＿{10}12인질이면\n{17}35{10}18오즈샛 레이저도{10}0＿{10}20못 써\n{17}62{10}10완전히{10}16막다른 길{10}0、{10}18이란 거지
03075	{01}◇{0E}{08}4방주 승무원 선발위원 명단【비】\n{01}◇{0E}{08}4사진（촬영자、연월、장소 불명）\n{01}◇{0E}{08}4방주 여승무원 지원자 명단【비】
03083	{0C}{17}1{10}11딸 사치코를{10}0＿{17}19{10}10방주 승무원으로\n{10}16안 뽑은 위원들을{10}0＿{10}16원망해\n{17}52{10}15에모리가{10}0＿{10}15범행에{17}65{10}8이르렀다{10}0…
03086	{0C}{17}1{10}16부디{10}0＿{17}13{10}18에모리 선생 집에\n{10}22쳐들어가는{10}0＿{10}20바보짓만은\n하지 마{10}0！{17}50{10}20알겠지{10}0∥
03119	{0C}{17}1{10}17뭔가{10}0＿{10}19내가 도울 일이 있으면\n{17}18{10}12당분간{10}0＿{17}27{10}18오즈포트 호텔에\n{10}22있을 테니 {17}44{10}16언제든 와요
03160	{0C}{17}2{10}20흄이{10}0＿{10}22말했었지{10}0…\n{17}20{10}0「{10}16사랑하는＿두＿사람은{10}0＿{10}18늘＿함께{10}0∥\n{17}42{10}16그게{10}0＿{10}14제일＿좋다고{10}0」{17}60{10}16하더구나
03162	{0C}{17}1{10}10어릴 적에{10}0＿{17}17{10}14도서관에서{10}0＿{10}16봤단다\n{17}36{10}14주인공이{10}0＿{17}49{10}14마법사 소녀인\n{17}53{10}7옛날에 {10}18만들어진{10}0＿{10}16애니메이션
03164	{0C}{17}1{10}12두 아이는{10}0,{17}14{10}13주인공 소녀가\n{17}30{10}18인간이 아닌 걸{10}0＿{10}18알고도\n{17}54{10}16친구로 지내자고{10}0＿{10}14말했단다
03165	{0C}{17}2{10}10좀처럼{10}0＿{17}8{10}17하기 힘든 말이지\n{17}30{10}18켄{10}0,{17}42{10}22넌{10}0＿{10}24할 수 있겠니{10}0?\n{17}66{10}14우린{10}0,{17}75{10}11입장이 반대지만{10}0…
03172	{0C}{17}1{10}11아{10}0,{17}4{10}24맞다 맞다{10}0＿{17}13{10}22둘한테서\n{10}20켄에게{10}0＿{10}20전할 말이 있단다
03176	{0C}{17}1{10}11그 근처는{10}0＿{17}15{10}18{06}15{04}레벨 이상의\n{10}18동물이 {10}18우글우글{10}0＿{10}20있다니까\n{17}50충분히{10}0＿{17}59{10}20준비하고 가렴{10}0!
03202	{01}◇{0E}{08}4이름 지을 때가 아니라니까\n{01}◇{0E}{08}4요즘 「스미레」는 아니지!\n{01}◇{0E}{08}4그렇게 쉽게 정하는 거야?
03203	{0C}{17}1{10}16그러고 보니{10}0＿{10}16네 이름도\n{17}20{10}14옛날 애니메이션의{10}0＿{10}16주인공\n이름을 {10}18따서 {10}11내가 지어줬지
03204	{0C}{17}3{10}11사람 이름이든{10}0＿{10}10결혼이든\n{17}28{10}14중요한 일일수록{10}0＿{17}48{10}16직감과\n선입견으로{10}0＿{10}14정해지는 법이지
03207	{0C}{17}3{10}15그런 {10}15대단한 건 아니지만\n{17}30{10}17마음에 든다니 {17}47{10}10다행이구나\n{17}68{10}0…{10}12너{10}0,{17}84{10}10순수하고 착한 아이구나
03217	{0C}{17}2{10}10사내가{10}0＿{10}18쩨쩨하게{10}0＿{10}18굴지 마{10}0∥\n{17}30{10}15난 스미레가 마음에 들었어\n{17}51{10}15같이 살기엔{10}0＿{10}14그거면{10}10충분해
03221	{0C}{17}1{10}14웃는 얼굴이 {10}12훨씬 좋구나\n{17}30{10}18웬만한 남자는{10}0＿{10}20그 웃음에\n{10}18스미레{10}0＿{10}18말이면 다 듣는단다{10}0!
03223	{0C}{17}1{10}10괜찮아{10}0,{17}16{10}14스미레의 미소는\n{17}32{10}12남자 대답을{10}0＿{17}40{10}18전부{10}0「{10}18Ｙｅｓ{10}0」{10}16로\n바꿔버리는 힘이{10}0＿{10}14있으니까
03278	{0C}{19}1{10}16{15}S켄은 바나나 껍질을 밟고\n최악의 각도로 넘어졌다∥{12}\n{0C}{19}1{10}16{15}S흐려지는 의식 속 린다의 목소리와\n교회 종소리를 들은 것 같았다…
03295	{01}◇{0E}{08}4연방 수사관이 먼저 올걸\n{01}◇{0E}{08}4쇠약사는 시간문제라고 생각해\n{01}◇{0E}{08}4그런 잔인한 내기는 그만두게∥
03354	{10}16수집에＿
03397	{0C}{17}1{10}18앗{17}6바보…{10}0＿{17}15{10}19그런 게{10}17아니야\n{17}43마음을…{10}0＿{17}61{10}16그녀에게 {10}19{17}71어떻게\n전해야 할지{10}0＿{17}94{10}17모르겠어서…
03470	{0C}그래서 뭘로 하겠나?\n{01}{1D}{02}56{0E}／{01}{1D}{02}126{0E}／{01}{1D}{02}196{0E}／{01}{1D}{02}266{0E}\n{01}{1D}{02}56{0E}／{01}{1D}{02}126{0E}／{01}{1D}{02}196{0E}／{01}{1D}{02}266{0E}
03475	{0C}뭐,아니라고?\n그럼,어떻게 하겠나?\n{01}다시 짓는다{0E}／{01}안 짓는다{0E}／{01}다른 동물{0E}
03494	이제 곧 종을 칠 시간이야\n자네,종을 쳐 보고 싶지 않나?\n{01}꼭 해 볼래!{0E}／{01}관심 없어{0E}
03504	동물 배 속 보물을 흠집 없이\n꺼내는 게 내 특기라서 말이지\n{01}의뢰한다{0E}／{01}잡담한다{0E}／{01}관둔다{0E}
03562	{0C}{17}1{10}14우린 {10}16아래서 {17}11{10}14셋이 {10}14잘 테니{10}0∥\n{17}34{10}14오늘 밤은{10}0＿{10}11부모 자식{10}13끼리야\n{17}60{10}14그리고{10}0＿{17}72{10}9아침이 오면{10}0…
03591	{0C}{17}1{10}16그런데도{10}16꼭{10}0＿{10}19이렇게 되는군{10}0…\n{17}33{10}18아마도{10}0＿{10}15이 소동의 원인은\n{17}57{10}11특수 기생충의{10}0＿{10}11원내 감염일세
03600	{0C}{17}1{10}20닥쳐{10}0∥ {17}13{10}20의사인 내가{10}0＿{10}20린다에게\n해 줄 수 있는{10}0＿{10}20유일한 보답\n{17}42{10}18반드시{10}0＿{10}18구해 내겠다{10}0∥
03610	{0C}{17}1{10}0……{10}20그리고{10}0,{10}13사랑하는 둘은\n{17}24{10}15이 우물의{10}0＿{10}15성스러운 물에\n사랑을 맹세해{10}0…{17}60{10}18이렇게{10}0…
03615	{0C}{17}1{10}15게다가{10}0＿{17}16{10}16맨 처음 뛰어내린\n{10}12여자애 유령이{10}0＿{17}54{10}13이맘때가 되면\n종을 울린다는{10}0＿{10}12소문이야{10}0…
03643	\n{01}감동했어{0E}／{01}아직이야∥{0E}
03683	{0C}{17}1{10}13아무리 {10}10소중히 키워도{10}0＿{17}31{10}16언젠가\n{17}42결혼하겠다{17}51고{10}0＿{10}18말을 꺼내고…\n{17}65그리고 {10}16다시는{10}0＿{10}16안 돌아와요…
03705	이곳은 특별감시방입니다\n무슨 용건이신가요？\n{01}「읍장」을 만난다{0E}／{01}그냥 산책{0E}
03756	{0C}{17}1{10}12지난번{10}0,{17}11{10}16당신한테 들은 얘기를\n{17}32{10}20그 뒤로{10}0＿{10}21혼자서 떠올려 보고\n{17}52{10}17나름대로{10}0＿{10}18생각해 봤어요
03797	{0C}{17}1{10}17그러니까 {17}13{10}22린다 씨도{10}0＿{10}22설령\n기억 못 찾아도{10}0＿{10}12괜찮아요{10}0！\n{17}54{10}12하지만{10}0＿{17}69{10}21돌아오면 좋겠어요{10}0！
03895	{10}32박사가＿
03925	{0C}{17}1{10}16이 별에 온 지{10}0 {10}18얼마 안 돼\n{17}23{10}17이상한 걸 물을지도{10}0 {10}17모르지만\n{17}48{10}22너무 {17}56신경 쓰지 마세요
03970	{0C}{17}1{10}17１호한테{10}0 {10}17마지막에 느낀 건\n{17}26{10}14부드럽고 따뜻한{10}0 {10}16파동이었어\n{17}60{10}15말로 바꾸자면…{10}0 {10}14글쎄{10}0…
03988	{0C}{17}1{10}16다만{10}0 {10}12그는 달랐어{10}0…{17}28{10}18시체들이\n썩어{10}0 {10}20악취를 풍기는 가운데\n{17}53{10}19기적처럼{10}0 {10}19깨끗했어
04026	{0C}{17}1{10}0………{10}15이야기의 계속은 {17}14{10}19일단\n{17}25병문안 후에 하지{10}0,{17}40{10}20그편이\n{10}16나도{10}0＿{10}16조금은{10}0＿{10}16마음이 편하니{10}0…
04044	{0C}{17}1{10}12나는 {17}12{10}15의사로서 {17}23{10}13인간으로서\n{17}36{10}16언제나{10}0＿{10}16최선을 다해 왔고\n{17}61{10}17할 수 있는 건{10}0＿{10}17다 했네{10}0…
04050	{0C}{17}1{10}16그런데도 {17}16늘 {17}23역효과만 나네{10}0…\n{17}38{10}18난 어찌하면 좋단 말인가{10}0∥\n{17}68{10}19뭔가 {17}77할 일{10}0＿{10}19없겠나{10}0?
04055	\n{01}사양 않고 받죠{0E}／{01}마음만 받죠{0E}
04062	{0C}{17}1{10}17충격이었겠지{10}0… {17}27{10}20하물며\n{10}16자네에게만은 {17}46그 왼팔을\n보이기 싫었던{10}0＿{10}18게로군
04064	{0C}{17}1{10}18아아{10}0＿{17}7{10}16린다,나를 용서해 주게\n{17}24{10}14내가 부족한 탓에{10}0＿{10}17자네에게\n괴로운 일을 겪게 했네…
04065	{0C}{17}1{10}22하지만{10}0＿{17}9{10}20믿어 주게{10}0!{17}22{10}14나는\n{10}17언제나{10}0＿{10}19최선을 다해 왔고\n{10}19할 수 있는 건{10}0＿{10}19다 했네……
04066	{0C}{17}1{10}16그런데도{10}0＿{17}18{10}16역효과만 나네……\n{17}47{10}18사과로는{10}0＿{10}18턱없이 부족하지만\n{17}72{10}16자네를 위해{10}0＿{10}16약을 만들었네
04113	{0C}옛날 이 병원에 ２０대 나이로\n「성모의 오른손」이라 불린\n솜씨 좋은 미인 산파가 있었어{12}\n{0C}그녀는 말이야,어느 환자를\n사랑했어…{12}\n{0C}그 환자가 불치병이라는 걸\n알면서도 그에게 청혼해서\n억지로 결혼을 승낙하게 만들었지!{12}\n{0C}목숨을 건 사랑의 상대가 마침,\n당신과 같은 레인저대 남자였어…\n그런 이야기에 약하거든,간호사는{12}
04163	안녕!나 플로라!\n수다쟁이 꽃 다음엔 어떤 꽃을\n만들지 고민 중이야{12}\n{0C}이 중에 뭐가 재밌을 것 같아?\n{01}도구를 쓰는 꽃{0E}／{01}고뇌하는 꽃{0E}\n{01}직립 보행하는 꽃{0E}／{01}불을 다루는 꽃{0E}
04164	{0C}그럼 이 중에서는 어떤 게 좋아?\n{01}동족만 먹는 꽃{0E}／{01}자기를 먹는 꽃{0E}\n{01}뭐든 먹는 꽃{0E}／{01}미식가인 척하는 꽃{0E}
04219	사냥개의 장래를 {1D}{06}{1E}{04}{14}￥에 점쳐 주노라\n{01}개를 보인다{0E}／{01}잡담한다{0E}／{01}안 믿어!{0E}
04261	대행 사냥꾼 두목,고메스 님이다\n이 별 전체가 내 세력권이다∥\n{01}의뢰한다{0E}／{01}잡담한다{0E}／{01}관둔다{0E}
04268	{0C}{17}1{10}8하하하 {17}14{10}14아야야…{17}27{10}15그립구나\n{17}50{10}17그건 그렇고 {17}58{10}18오늘 와 달라고\n한 건 다름이 아니라{10}0…
04269	{0C}{17}1{10}14실은 {17}10{10}20린다를{10}0 {10}20네 집에\n두고 간 건 {10}18나야\n{17}46{10}17달리 떠오른 곳이 없어서{10}0…
04274	{0C}{17}1{10}18그때까지 {10}20켄{10}0!\n{17}17{10}18린다를 {10}20부탁한다{10}0∥
04276	{0C}{17}1{10}15사랑하는 둘은 {10}15언제나 함께{10}0∥\n{17}31{10}18역시!{10}0 {10}18그게{10}0 {10}16무엇보다\n행복하다고 {17}51{10}14나는 생각한다고{10}0!
04290	\n자금{1E}40￥→계약{01}{1E}40￥
04342	{0C}１．０　　가　　나　　다　　라　　마\n１．５　　바　　사　　아　　자　　차\n２．０　　・　　・　　・　　・　　・{12}
04353	{0C}{17}1{10}12그놈들이{10}0＿{17}15「{10}12지옥의 개그{10}16트리오{10}0」\n{17}43{10}11연방 전속{10}0＿{10}13프로 전범 사냥꾼{10}0！\n{17}75{10}17이른바{10}0＿{17}85{10}10Ａ급 현상금 사냥꾼이지
04383	{0C}{17}1{10}12듣자니{17}6{10}12＿솜씨가{10}14＿좋고{10}0＿{17}20{10}18머리도\n비상하다{10}0！{17}35{10}14게다가{10}0＿{10}17동물의\n말까지{10}0＿{10}20할 줄 안다더군{10}0！
04404	{0C}{17}1{10}12요즘{10}0,{17}10{10}14위험한 놈이{10}0＿{10}16많아서\n{17}31{10}16켄 본인이라고{10}0＿{10}16증명 못 하면\n{17}54{10}16린다와는{10}0＿{10}18못 만나게 해
04435	{0C}{01}한 번 더∥{0E}／{01}됐어{0E}
04438	{0C}정말 보고 싶어？\n{01}보고 싶어{0E}／{01}아니,됐어{0E}
04460	{0C}{17}1{10}14범인을 잡아서{10}0＿{17}21{10}19아빠와 엄마의\n원수를{10}0＿{17}31{10}16갚아 줄 때까지는\n{17}56{10}14눈물 따위{10}0＿{17}64{10}22흘리지 않겠다고{10}0∥
04496	{0C}마을 안에선 돈이 최고의 무기지만\n한 발짝 나가면 {06}100{04}만￥ 돈다발도\n{1B}토끼 나이프만 한 가치도 없지…{12}\n{0C}이 별의 상식은 은행업자에게는\n정말이지 빡빡하다니까요{12}
04514	저희 가게 자랑 「대여 덫」으로\n위험한 동물도 안전하게 손에∥\n{01}빌린다　{0E}／{01}잡담한다{0E}／{01}관둔다{0E}
04655	엽견{15}S♂{14}
04656	엽견{15}R♀{14}
04679	{0C}다음은 {1E}번째 경기,여기서 빠지면\n관객한테 맞아 죽을걸…어쩔래?\n{01}계속한다{0E}／{01}빠진다{0E}
04725	{0C}맡긴 동물이 불어난다∥ BB목장은\n당신의 재산 형성을 도와드립니다\n{01}맡긴다{0E}／{01}찾는다{0E}／{01}설　명{0E}／{01}그만둔다{0E}
04737	{0C}무엇을 찾을까요?\n{01}{1D}{1D}{15}W{02}56{0E}／{01}{1D}{1D}{15}W{02}126{0E}／{01}{1D}{1D}{15}W{02}196{0E}／{01}{1D}{1D}{15}W{02}266{0E}\n{01}{1D}{1D}{15}W{02}56{0E}／{01}{1D}{1D}{15}W{02}126{0E}／{01}{1D}{1D}{15}W{02}196{0E}／{01}{1D}{1D}{15}W{02}266{0E}
04768	{0C}본인도 어렴풋이 눈치챘는지\n죽기 전에 {1B}거북 알 수프를\n한 번 더 먹고 싶다고 떼쓴단다{12}\n{0C}어때?{1B}거북 알 찾기,\n맡아 주겠지?\n{01}맡겨 줘{0E}／{01}사례는?{0E}／{01}싫어요{0E}
04788	{0C}뭘 고르겠느냐\n{01}{1D}{0E}{02}56／{01}{1D}{0E}{02}126／{01}{1D}{0E}\n{01}{1D}{0E}{02}56／{01}{1D}{0E}{02}126／{01}{1D}{0E}
04818	\n{01}◇{0E}{08}4다음 술래는 나야\n{01}◇{0E}{08}4적당히 좀 해라
04841	\n{01}아주 좋아{0E}／{01}바보야∥{0E}
04886	{0C}{1D}의 가을까지 {1B}호랑이 발톱이\n안 돌아오면 읍장인 내 아들\n파트루카가 크게 망신당하오…{12}\n{0C}아들을 코시카타 마지막 읍장답게\n떳떳한 사내로 만들어 주시오\n{01}맡겠소{0E}／{01}사례는?{0E}／{01}직접 찾아{0E}
04898	{0C}그런데 「{1B}호랑이 발톱」은 어쨌어?\n갖고 있으면 넘겨줘\n{01}넘겨준다{0E}／{01}누가 줄 것 같아∥{0E}
04952	{0C}아~∥ 어쩌지…{12}\n{0C}저기…손님,부탁이 있는데요\n하찮은 은행원 얘기 들어 줄래요?\n{01}좋아{0E}／{01}싫어{0E}
05016	{0C}{17}1{10}12그 차림이라면 {10}0{17}18{10}15천국에서{10}13\n천사가 마중 올 {17}42{10}11거예요!{10}0\n설령 {17}66{10}13{10}12친동생에게 {10}0{10}13죽는대도요
05051	{01}◇{0E}{08}4메모린Z를＿부탁한다\n{01}◇{0E}{08}4먹을＿것을＿얻어먹는다\n{01}◇{0E}{08}4인사하고＿돌아간다
05087	{0C}{17}1{10}20Ｎ,{17}6Ｅ,{17}11{10}6Ｋ…{10}12Ｏ면 {1B}고양이죠\n{17}43{10}17A급 보호 지정 동물이잖아요\n{17}73{10}18자,{17}84어디에 있을까요
05090	{0C}{17}1{10}18한번 {10}0{10}16식사에 {17}10초대하고 싶어요{17}29{10}13\n젊은 분 {10}0{10}15얘기를 {17}44듣고 있으면{17}60\n마음도 {10}15젊어지는 {17}74기분이에요
05103	{0C}{17}1{10}14그러고 보니 {17}12{10}12방주의 목적은{17}34{10}16\n우주인의 이동 동물원이라는\n새로운 {10}0{10}16설이 나왔다더군요…{10}0
05138	{0C}{17}1{10}11시체 모으기는 {10}0{10}15힘들었어{17}30{10}16\n게다가 {17}42{10}18그땐 {10}0{10}20고지식해서 {17}64{10}15\n요령 피우는 {10}0{10}17법도 몰랐지
05141	{0C}{17}1{10}15더 일찍 {10}19알아챘더라면\n학교도 {17}29갔고,{17}45친구도 생겼고,{17}62{10}23\n축구도 할 수 있었을 텐데…
05165	{0C}숙박비는 됐어요,탈출 난민을 위해\n기부를 부탁드릴 수 있을까요?\n자금{1E}40￥→기부{01}{1E}40￥
05287	{0C}어차피 취객이 잘못 본 게\n뻔하니까,내가 직접 조사하러\n가는 것도 자존심 상하고…{12}\n{0C}만에 하나 진짜 어머니를\n찾는다 해도 이제 와서 무슨\n말을 해야 할지 모르겠고…{12}\n{0C}그러니까……{12}\n{0C}그냥 겸사겸사면 돼,겸사겸사로\n혹시 그런 소문을 들으면 알려 줘\n{01}그쯤이야{0E}／{01}공짜로?{0E}／{01}싫은데{0E}
05300	{0C}여기 코만 씨도 공항 사령관도\n지위로 보면 인생의 승리자,\n투신자살 따윈 안 할 것 같지{12}\n{0C}…라고 생각하면 아직 애송이야!\n높은 사람일수록 남에게 말 못 할\n깊고 깊은 고민이 있는 법이지{12}\n{0C}나 정도 되면 아는 거야{12}
05341	뭐야！아버지 일이라면\n린다라는 여자한테 말했어∥{12}\n{0C}몇 번이고 같은 얘기를 할 만큼\n이 비글님은 한가하지 않다고∥\n아니면 뭐…？{12}\n{0C}거기 아가씨가 한 방 부탁해 줘도\n된다면 얘기는 다르지\n{01}사치코에게 묻기{0E}／{01}까불지 마∥{0E}
05354	{0C}{17}1{10}12선악은{10}0＿{10}16유전되는구나{10}0！\n{17}28{10}14헌데 {17}37{10}10윗입술 두껍고 {17}58아랫입술\n얇은 이는 {17}79{10}16다루기 어렵네{10}0…
05374	목표는 투견 부자∥ 제 사냥개가\n세계 최고라면 지금 바로 참가해∥\n{01}도전한다{0E}／{01}규칙 설명{0E}／{01}관둔다…{0E}
05438	{0C}누적 상금 {06}{1E}{04}￥인데\n계속 승부할까요？\n{01}예{0E}／{01}아니오{0E}
05442	{0C}또한 {1D}호는 빛나는 전통의 시코나\n「{1D}」을(를) 이어받을 수 있어요∥\n{01}이어받는다∥{0E}／{01}{1D} 그대로{0E}
05461	{0C}정체 모를 고기는 먼저 사냥개에게\n먹여서 상태를 본다…그래서\n괜찮아 보이면 인간님이 먹는 거지{12}\n{0C}그러면 십중팔구 위험은 없어∥\n…라고는 단언 못 하지만\n마음의 위안은 될 거야{12}
05476	{0C}그 사람이 좀 별났거든요…생전에\n아끼던 개 목걸이 어딘가에\n후계자 이름을 적어 뒀대요{12}\n{0C}그 개는 「타로」라고 하는데\n어딘가로 사라져 버렸어요,\n물론 목걸이를 한 채로 말이죠…{12}\n{0C}그래서 부탁할 건 개 찾기∥\n타로를 찾아 와 줬으면 해요\n{01}맡겨 둬∥{0E}／{01}보수는？{0E}／{01}장난하냐{0E}
05481	{0C}알겠어요…{06}50000{04}￥,이게 상한∥\n안 되면 다른 데 알아볼게요\n{01}좋았어∥{0E}／{01}장난하냐{0E}
05504	{0C}{19}1{10}16{15}S켄은、사냥개「지로」를 얻었다！{14}{12}
05556	{0C}{17}1{10}18특히{10}18 사치코는{10}0＿{17}17{10}16지쳐 있었어\n{17}39{10}16그녀는{10}0＿{10}16친구도 사귀지 못했지\n{17}68{10}20행적을{10}0＿{10}20안 남기려고{10}0…
05559	{0C}{17}1{10}16과거를{10}0＿{10}16완전히 버릴 수 있고\n{17}26{10}17또래 이성과도{10}0＿{10}20만날 수 있는\n{17}46{10}17꿈 같은 얘기로{10}0＿{10}17보였던 거야
05561	{0C}{17}1{10}10꼭{17}11{10}19 승무원이 될 줄{10}0＿{10}19알았어\n{17}32{10}15왜냐면{10}0＿{17}45{10}15그런 무모한 기획에\n{17}61{10}16다른 지원자가{10}0＿{10}18있을 줄이야{10}0…
05563	{0C}{17}1{10}15하지만{10}0、{17}20{10}20실은{10}0＿{10}20아직 살아 있어\n{17}46{10}13식물인간 상태로{10}0、{17}64{10}18어떤 곳에서\n{10}24계속{10}0＿{17}80{10}15잠들어 있는 거야
05572	{0C}{17}1{10}14용건은、{17}13{10}10방주의 여성 승무원\n{17}33{10}22즉{10}0、{17}45{10}11자네 신부 일이네만\n{17}72{10}13린다는{10}10 그런 상태 아닌가{10}0？
05589	{0C}{17}1{10}15아무래도{10}0＿{10}11한창때 딸이란\n{17}34{10}11부모의 상상을{10}0＿{10}12뛰어넘는 일을\n{10}14저지르는 게{10}0＿{10}13일인 모양이군
05594	{0C}{17}1{10}10자네 대답에{10}0＿{17}12{10}12둘 다{10}0＿{10}10얼굴이\n붉어졌지{10}0！{17}46{10}8발정 초기 징후라네\n{10}12보게나！{10}0＿{17}76{10}9참 행복해 보이지
05599	{0C}{17}1{10}12안도와 낙담이{10}0＿{10}12뒤섞인{10}0、\n{10}10고차원적인{10}0＿{10}7감정 표현이지\n{10}10마치{10}0＿{10}12{17}70사치코 그대로 말이야…
05600	{0C}{17}1{10}14하지만{10}0＿{17}14{10}16결국은{10}8 인형일 뿐이야\n{17}37{10}13진짜 사치코가 아니지……\n{17}69{10}13지금、{17}79증거를 보여 주겠네
05609	{0C}{17}1{10}15조만간{10}0＿{17}13{10}16미나고에서\n{17}22{10}20그 사건으로{10}0＿{10}20돌아가신 분들의\n{17}38합동 위령제가{10}0＿{10}20있다더군요
05618	{0C}넥,반드시 올 거라 믿고 있었네\n과연 사치코가 선택한 남자로군\n용기가 있어！다시 봤네！{12}\n{0C}자,본론에 들어가기 전에 잠깐\n복잡한 얘기를 좀 하고 싶네\n{01}들어 보죠！{0E}／{01}한가할 때 들을게요{0E}
05635	{0C}{01}◇{0E}「결혼 선물」로 줬다고 치면？\n{01}◇{0E}「넥」에게 돌려받으세요\n{01}◇{0E}넥 녀석,써 버린 모양이에요
05653	{0C}{17}1{10}16린다 씨 왼팔을{10}0＿{17}17{10}17하루빨리\n돌려주자{17}26{10}24고{10}0＿{10}24요시코가 해서\n{17}48{10}20그만{10}0、{10}20익숙한 방법을{10}0＿{10}20쓴 거야
05702	{01}◇{0E}{08}4왼팔＿다음엔＿성격도＿고쳐\n{01}◇{0E}{08}4되받아＿때려도＿되겠지？\n{01}◇{0E}{08}4남의＿고생도＿모르고…
05715	{0C}{17}1{10}19마취제가{10}0＿{10}18린다 씨 몫밖에\n없었던 데다{10}0＿{17}28{10}16지혈이 늦어진\n탓에 {10}16기절해 있을 뿐이에요
05726	{0C}{17}1{10}14설마 무사히{10}0＿{10}14돌아가리라곤\n{10}16생각하지 않았겠지{10}0？\n{17}39{10}8나는{10}0＿{17}48{10}10집요한 성격이거든
05768	{0C}마지막이다∥ 돈이랑 플로피를\n그 진찰대 위에 놓고 물러나∥\n{01}알았어{0E}／{01}싫은데∥{0E}
05769	{0C}네놈！이 여자가 어떻게 되든\n상관없다고 하는 거냐∥ 어이￠\n{01}시키는 대로 할게{0E}／{01}맘대로 해{0E}
05775	이 애는 플로라 박사의 친구이자\n수다 떠는 꽃,ＭＣ 앨리스야！{12}\n{0C}구관조처럼 말을 배워서\n집안 분위기를 밝게 해 주는\n제법 매력적인 아이지{12}\n{0C}정가 {06}400{04}￥지만 마지막 화분이니\n{1D}{06}100{14}{04}￥에 해 줄게,데려가 줄래？\n{01}살게∥{0E}／{01}필요 없어{0E}
05777	{0C}{15}b{06}100{04}{14}￥도 가진 게 없는\n남자한테 이 아이를 시집보내 봤자\n분명 행복하게 해 주지 못할 테니{12}
05780	{10}20안녕！\n
05781	{10}16저、
05794	{0C}그 선생님 입술은 섹시하고 묘한\n향기가 났던 것 같지 않아？\n{01}그런 것도 같아{0E}／{01}전혀 아니야{0E}
05858	{0C}드디어 채굴 예산이\n바닥을 드러내 버렸나…\n하지만 나는 절대 포기 안 한다!{12}\n{0C}기계가 움직이지 않는다면＿\n이 손으로 파면 그만이지!\n아…그런데 자네들…{12}\n{0C}부탁이 있네만 과학의 발전을 위해\n연구비를 좀 기부해 주겠나?\n{01}기꺼이{0E}／{01}싫소{0E}
05913	{0C}{01}{1D}６０{14}￥의 고급품{0E}／{01}{1D}{06}120{14}{04}￥의 명약{0E}\n{01}{1D}{06}1200{14}{04}￥의 그거{08}4{0E}／{01}됐어요{0E}
05962	{0C}{19}1{10}16{15}S잠겨 있어 열리지 않는다{14}{12}
05968	모처럼 여기까지 왔으니\n좋은 걸 가르쳐 주지{12}\n{0C}「{1B}펠리컨」이라는 동물은\n깨끗한 몸을 가진 녀석 앞에만\n모습을 드러낸다던데{12}\n{0C}그러니 너희가\n깨끗한 몸이 될 수 있게\n도와주도록 하지{12}\n{0C}…라는 거야\n가진 돈 전부 놓고 가！\n{01}누가 줘！{0E}／{01}여기 있어요{0E}
06022	{0C}{17}1{10}16전설에는{10}0＿{10}21이렇게 적혀 있었다\n{17}20{10}0「{10}22모든{10}0＿{10}22살로 이루어진 것\n{17}36{10}16땅속 어머니에게서{10}0＿{10}20난다{10}0」{17}54{10}18라고
06023	{0C}{17}1{10}18그리고{10}0＿{10}18나는{10}0＿{17}10{10}24이곳을 찾았다{10}0！\n{17}25{10}20하지만{10}23마침 그때{10}0＿{10}25게임 오버\n{17}45{10}20나는{10}0＿{10}24죽어 버린 거다
06024	{0C}{17}1{10}0…{10}16깨어나 보니{10}0＿{10}16이 꼴이었지\n{17}28{10}22자세한 건{10}0＿{10}22모르지만\n{17}44{10}18내 멋대로 상상하자면{10}0…
06039	{0C}{17}1{10}19여길 만든 놈들에{10}0＿{10}19흥미가\n있다면{10}0＿{17}24{10}24그 근처 로봇에게\n물어보면 된다{10}0、{17}42{10}15다만 말이지{10}0…
06054	{1D}{06}-{1E}34{04}의{1D}농도,０．{1E}1％UP\n시스템{1E}을 기동합니까？\n{01}예{0E}／{01}아니오{0E}
06080	{1D}{1E}의＿{1D}＿개체수＿{1E}1％＿감소\n시스템{1E}을＿기동할까요？\n{01}예{0E}／{01}아니오{0E}
06182	{0C}{17}1{10}16하지만{10}0＿{17}12{10}20이렇게 망가졌으니\n{17}32오작동으로{10}0＿{10}19문이 열릴 수도\n{17}54있을지 모르잖아
ID	번역(손으로 고친 것 — trfix.py 가 마지막에 덮어씀)
